timeSeconds,utc,satelliteLongitudeDeg,satelliteLatitudeDeg,satelliteAltitudeM,satelliteEcefXM,satelliteEcefYM,satelliteEcefZM,beamCenterLongitudeDeg,beamCenterLatitudeDeg,beamCenterAltitudeM,coverageAreaM2,coverageVertexCount
0,2026-07-15T00:00:00.000Z,67.13790391851217,0,650000,2730532.8268275573,6476025.028702877,0,67.13790391851217,0,9.313225746154785e-10,5810371469.979315,96
16.288039268443235,2026-07-15T00:00:16.288Z,67.64346703078631,0.8241445563599545,650004.3899541358,2673011.307026503,6499201.868132458,100475.47233544047,68.51578474487442,0.3174731620290489,0,6020940598.656565,96
32.57607853688647,2026-07-15T00:00:32.576Z,68.14926452739246,1.6482023406955877,650017.5544202384,2614732.2304091617,6520545.688165787,200920.33886867983,68.54337514081888,1.42003811584939,9.313225746154785e-10,5853422894.084112,96
48.864117805329705,2026-07-15T00:00:48.864Z,68.65553158512938,2.4720864618224203,650039.4772161841,2555708.8692032616,6540051.816640939,301304.00312034076,68.18417382454366,2.7476015637187476,-9.313225746154785e-10,5872577773.534397,96
65.15215707377294,2026-07-15T00:01:05.152Z,69.16250328971897,3.2957097899085115,650070.1313944682,2495954.787087205,6557716.076114172,401595.8872538538,68.36754229311045,3.7597142968089474,-9.313225746154785e-10,5986480092.561078,96
81.44019634221617,2026-07-15T00:01:21.440Z,69.6704162680365,4.118984836332111,650109.4792761952,2435483.683453388,6573534.845136843,501765.44138976256,69.74681313305639,4.077065434449969,-9.313225746154785e-10,5813872356.333982,96
97.72823561065941,2026-07-15T00:01:37.728Z,70.17950763643918,4.941823632554856,650157.4724986302,2374309.5440265047,6587504.999645225,601782.1529115132,71.13252286377559,4.388644818051078,-2.7939677238464355e-9,6063069788.049204,96
114.01627487910265,2026-07-15T00:01:54.016Z,70.69001664020999,5.76413760767886,650214.0520761935,2312446.4836406456,6599623.971332211,701615.5557598922,71.00831166675165,5.58200320371798,0,5841645283.818061,96
130.30431414754588,2026-07-15T00:02:10.304Z,71.2021837685929,6.585837464353091,650279.1484748656,2249908.878616195,6609889.697970354,801235.2397132843,70.65128960472838,6.910838362811156,0,5899185554.404738,96
146.59235341598912,2026-07-15T00:02:26.592Z,71.71625155998511,7.406833052690702,650352.6816998487,2186711.3054566802,6618300.645697185,900610.8596509198,70.99612597885039,7.831035943287457,0,5959485618.208867,96
162.88039268443234,2026-07-15T00:02:42.880Z,72.23246540213394,8.227033241854622,650434.5613964088,2122868.479751888,6624855.827562717,999712.144796292,72.38604634870568,8.142231281528884,-9.313225746154785e-10,5824327681.015525,96
179.16843195287558,2026-07-15T00:02:59.168Z,72.75107266149874,9.04634578896375,650524.6869637268,2058395.3884222654,6629554.758418695,1098508.9079379304,73.78886741999776,8.441775988522734,-9.313225746154785e-10,6112976038.150612,96
195.45647122131882,2026-07-15T00:03:15.456Z,73.27232432974674,9.864677204966322,650622.9476816086,1993307.1314715699,6632397.505034222,1196971.0546247165,73.51536724057542,9.728044712957404,-9.313225746154785e-10,5837075455.262108,96
211.74451048976204,2026-07-15T00:03:31.744Z,73.79647399131657,10.681932617120939,650729.2228498962,1927619.0737475052,6633384.636702939,1295068.5923329443,73.16293290797623,11.059416389075063,-9.313225746154785e-10,5933226842.991191,96
228.0325497582053,2026-07-15T00:03:48.032Z,74.3237794766831,11.49801562771892,650843.3819403592,1861346.686357644,6632517.272037355,1392771.639602337,73.67683602135614,11.884351371302508,0,5939663513.471509,96
244.32058902664852,2026-07-15T00:04:04.320Z,74.85450183708467,12.312828168674478,650965.2847608794,1794505.6984476945,6629797.032319478,1490050.4351382246,75.08680792652937,12.183194613728498,0,5841596633.714217,96
260.60862829509176,2026-07-15T00:04:20.608Z,75.38890700526456,13.126270351601798,651094.7816316932,1727111.9384570753,6625226.084918284,1586875.3468771263,76.4475309988146,12.505323756244037,0,6129989660.872582,96
276.896667563535,2026-07-15T00:04:36.896Z,75.92726494599651,13.93824031299008,651231.7135734605,1659181.4663245843,6618807.104308676,1683216.8810129631,76.09476338573207,13.847381498414613,9.313225746154785e-10,5839453459.41788,96
293.18470683197825,2026-07-15T00:04:53.184Z,76.4698504841098,14.748634054079904,651375.9125068868,1590730.5118566588,6610543.287719901,1779045.6909811546,75.74980588850117,15.182536151180583,0,5974588314.161814,96
309.4727461004215,2026-07-15T00:05:09.472Z,77.016944143835,15.557345275036326,651527.201463623,1521775.412469866,6600438.367285785,1874332.5863978711,76.44242517542524,15.906838388002624,-1.862645149230957e-9,5926634697.682606,96
325.7607853688647,2026-07-15T00:05:25.760Z,77.56883130340907,16.364265203006084,651685.3948081918,1452332.7456751396,6588496.575550949,1969048.5419517031,77.8820807598648,16.18682003985469,0,5865448497.220624,96
342.048824637308,2026-07-15T00:05:42.048Z,78.12580388222253,17.169282413639458,651850.2984705949,1382419.1698444784,6574722.680426929,2063164.7062450557,79.11428425488475,16.584348890542643,0,6098889775.170255,96
358.33686390575116,2026-07-15T00:05:58.336Z,78.68815933407693,17.97228264564998,652021.710189308,1312051.5755660194,6559121.948382433,2156652.4105825596,78.7790054651417,17.928302453781086,0,5848434447.685038,96
374.6249031741944,2026-07-15T00:06:14.624Z,79.25620234033896,18.773148607979895,652199.4197643334,1241246.926869148,6541700.175836121,2249483.17770384,78.4451900381312,19.268446889207997,-9.313225746154785e-10,6023066100.655978,96
390.91294244263764,2026-07-15T00:06:30.912Z,79.83024397677383,19.571759779134144,652383.2093199678,1170022.3926397432,6522463.658786029,2341628.7304579588,79.3282947670045,19.884521698670312,-9.313225746154785e-10,5919942480.031647,96
407.20098171108094,2026-07-15T00:06:47.200Z,80.41060256757055,20.367992198243037,652572.8535769256,1098395.2844275762,6501419.203386789,2433061.000416913,80.80754901330506,20.13865813994413,0,5895568562.199007,96
423.48902097952407,2026-07-15T00:07:03.489Z,80.99760033737772,21.161718247412534,652768.1201334652,1026383.4703729386,6478574.0573371295,2523752.136425549,81.91695673735842,20.61091178936044,9.313225746154785e-10,6074653149.526068,96
439.77706024796737,2026-07-15T00:07:19.777Z,81.59157939012108,21.952806424922702,652968.7697551437,954003.6024765458,6453936.190951932,2613674.513085294,81.60393399238059,21.957702940065914,9.313225746154785e-10,5863596330.715685,96
456.0650995164106,2026-07-15T00:07:36.065Z,82.1928781886247,22.741121108839717,653174.5566727817,881273.8162119256,6427513.8518695645,2702800.7391691203,81.2860694198681,23.3039660899513,0,6078371490.091803,96
472.35313878485385,2026-07-15T00:07:52.353Z,82.80184752824633,23.52652231061525,653385.2288883124,808211.9537452066,6399315.858310803,2791103.6659651757,82.37349440566648,23.80172398943953,9.313225746154785e-10,5919062449.155108,96
488.64117805329704,2026-07-15T00:08:08.641Z,83.41884717800933,24.30886541826058,653600.528488013,734835.9791500794,6369351.525247574,2878556.3955465504,83.9025352459044,24.02238352793622,0,5931566330.658158,96
504.9292173217403,2026-07-15T00:08:24.929Z,84.04424671692011,25.08800092870099,653820.1919628223,661163.9181514357,6337630.667137599,2965132.28896464,84.89429889455516,24.57017563933589,9.313225746154785e-10,6056627758.086678,96
521.2172565901835,2026-07-15T00:08:41.217Z,84.67842467464577,25.863774168942093,654043.9505352089,587213.9850728672,6304163.579326126,3050804.9743636292,84.60987448633107,25.920523396995755,9.313225746154785e-10,5884449439.434561,96
537.5052958586267,2026-07-15T00:08:57.505Z,85.3217701878453,26.636025005712355,654271.5304922499,513004.42896450125,6268961.051083602,3135548.3550136155,84.3143850037752,27.27389126363211,9.313225746154785e-10,6140138918.416223,96
553.79333512707,2026-07-15T00:09:13.793Z,85.97468194310859,27.404587543288486,654502.6535244519,438553.6779620275,6232034.347392864,3219336.6172599266,85.62176044618762,27.640408140704544,0,5923414277.966704,96
570.0813743955133,2026-07-15T00:09:30.081Z,86.63756979682574,28.169289809263375,654737.0370698664,363880.1869078721,6193395.218233507,3302144.238386206,87.21092874386459,27.81912417493634,-9.313225746154785e-10,5972985916.135416,96
586.3694136639565,2026-07-15T00:09:46.369Z,87.31085367330708,28.929953428081536,654974.3946630862,289002.579973856,6153055.88359125,3383945.994388883,88.09017067703854,28.444762885780094,0,6044119000.690703,96
602.6574529323997,2026-07-15T00:10:02.657Z,87.99496513029406,29.68639328224651,655214.4362886287,213939.499942624,6111029.038970253,3464716.9676606474,87.84280273936575,29.799054346958265,9.313225746154785e-10,5910448061.011568,96
618.945492200843,2026-07-15T00:10:18.945Z,88.69034635997726,30.438417161200977,655456.8687383197,138709.73113503214,6067327.84405843,3544432.5545805967,87.57833865192539,31.16026383440924,0,6207936214.355709,96
635.2335314692863,2026-07-15T00:10:35.233Z,89.397450836493,31.185825397995032,655701.3959721494,63332.13952324586,6021965.92241791,3623068.4730087323,89.12244555774473,31.379379505677708,-9.313225746154785e-10,5932375238.342271,96
651.5215707377293,2026-07-15T00:10:51.521Z,90.11674390660859,31.928410493994964,655947.7194822133,-12174.38413318526,5974957.357049923,3700600.769682535,90.78193032260025,31.506656664101275,9.313225746154785e-10,6019318504.058529,96
667.8096100061726,2026-07-15T00:11:07.809Z,90.84870164920318,32.66595673204569,656195.5386592206,-87790.80552844703,5926316.684430872,3777005.8275133693,91.55457665018935,32.21394734567532,0,6036404069.5676155,96
684.097649274616,2026-07-15T00:11:24.097Z,91.59381218199822,33.39823977868863,656444.5511611402,-163498.09188244538,5876058.8905341225,3852260.3727804665,91.35551605637175,33.57207030963777,9.313225746154785e-10,5941003680.777805,96
700.3856885430591,2026-07-15T00:11:40.385Z,92.35257420892145,34.12502627625684,656694.4532835372,-239277.07739380514,5824199.407300436,3926341.482220329,91.18189375890275,34.91036624228563,0,6254522562.803856,96
716.6737278115023,2026-07-15T00:11:56.673Z,93.12549816108529,34.84607342592408,656944.9403310996,-315108.60609772755,5770754.104871744,3999226.5900093834,92.93123079743818,34.993323973147525,-9.313225746154785e-10,5945295173.094944,96
732.9617670799456,2026-07-15T00:12:12.961Z,93.91310472241221,35.56112856307753,657195.7069899188,-390973.4165010662,5715739.290212123,4070893.4946377436,94.67046907110556,35.058453764981756,0,6070016682.009059,96
749.2498063483888,2026-07-15T00:12:29.249Z,94.71592491366835,36.269928726720465,657446.4477000972,-466852.1982219028,5659171.7012876235,4141320.3656720063,95.34442032070386,35.852666827606065,9.313225746154785e-10,6032747371.86349,96
765.5378456168321,2026-07-15T00:12:45.537Z,95.53450005350005,36.972200224995156,657696.857028137,-542725.6465427624,5601068.497080719,4210485.7504050145,95.20852995510144,37.21376073284056,9.313225746154785e-10,5975499711.17369,96
781.8258848852753,2026-07-15T00:13:01.825Z,96.36937988435149,37.667658199350036,657946.6300387662,-618574.350557955,5541447.261675211,4278368.580390557,95.27610381210283,38.43560399752423,-9.313225746154785e-10,6232199029.38257,96
798.1139241537185,2026-07-15T00:13:18.113Z,97.22112305944756,38.35600619036617,658195.4626656706,-694378.9303300171,5480325.986981513,4344948.177861026,97.11019124703593,38.45167949585469,-9.313225746154785e-10,5961512620.29385,96
814.4019634221619,2026-07-15T00:13:34.401Z,98.09029475552332,39.03693570880686,658443.0520807179,-770119.9111812506,5417723.080813411,4410204.26202606,98.93681160295792,38.44260062848437,0,6124510388.798104,96
830.690002690605,2026-07-15T00:13:50.690Z,98.97746256256667,39.710125816065876,658689.0970612187,-845777.4649588617,5353657.4079108555,4474116.955250273,99.52360555974664,39.330352708344456,0,6032416688.434064,96
846.9780419590481,2026-07-15T00:14:06.978Z,99.88321064448705,40.37524271886683,658933.298354812,-921332.8785243372,5288148.05601375,4536666.789108173,99.47027569065519,40.69244963797692,9.313225746154785e-10,6013307433.557537,96
863.2660812274916,2026-07-15T00:14:23.266Z,100.80811329723572,41.031939383808364,659175.3590414859,-996766.2368097205,5221214.680182475,4597834.710314433,99.80163843247885,41.78124518947549,0,6212940588.005644,96
879.5541204959347,2026-07-15T00:14:39.554Z,101.7527502627231,41.679855178159016,659414.9848923758,-1072058.0582869174,5152877.255864324,4657602.086527706,101.72658170538338,41.71739123533407,0,5980371731.320867,96
895.842159764378,2026-07-15T00:14:55.842Z,102.71769904919277,42.31861554417829,659651.8847248582,-1147188.795290134,5083156.149526511,4715950.712026218,103.64469345233644,41.620659722500456,0,6182224167.000019,96
912.1301990328212,2026-07-15T00:15:12.130Z,103.70353364655371,42.94783171517165,659885.7707535625,-1222138.9604784674,5012072.088259744,4772862.8132534055,104.1617931869453,42.60962867491443,-9.313225746154785e-10,6034699704.013145,96
928.4182383012644,2026-07-15T00:15:28.418Z,104.71082020976688,43.56710048246987,660116.3589368649,-1296889.0120947983,4939646.179468483,4828321.054231917,104.21580204120342,43.9691573236017,0,6053802822.014475,96
944.7062775697077,2026-07-15T00:15:44.706Z,105.74011505131308,44.17600402354402,660343.3693184862,-1371419.4771500255,4865899.876764484,4882308.541844312,104.83265319756303,44.90386592485946,0,6195997985.186307,96
960.9943168381509,2026-07-15T00:16:00.994Z,106.79195972422153,44.7741098025108,660566.5263637882,-1445710.8540907565,4790854.998726852,4934808.830978878,106.8493239058824,44.74570726768845,0,6001239573.94677,96
977.2823561065941,2026-07-15T00:16:17.282Z,107.86687736372191,45.36097055532514,660785.5592903709,-1519743.6623359704,4714533.712312683,4985805.92953896,108.85696060775336,44.54668404238939,-1.862645149230957e-9,6242595340.583386,96
993.5703953750375,2026-07-15T00:16:33.570Z,108.9653686054206,45.936124372970404,661000.2023926182,-1593498.4885271157,4636958.512066637,5035284.303314318,109.33060309652723,45.64504650107277,0,6038920504.067709,96
1009.8584346434806,2026-07-15T00:16:49.858Z,110.08790537304046,46.49909489690436,661210.1953597991,-1666955.8942659923,4558152.244454567,5083228.8807129925,109.5225710770453,46.99618979369647,9.313225746154785e-10,6096383864.859716,96
1026.1464739119237,2026-07-15T00:17:06.146Z,111.2349267485692,47.04939164185739,661415.283587384,-1740096.531251842,4478138.06438325,5129625.057352257,110.44103994621155,47.75111051487475,0,6180679002.503597,96
1042.434513180367,2026-07-15T00:17:22.434Z,112.40683170203702,47.58651046175697,661615.2184812091,-1812901.0381899024,4396939.4666340025,5174458.70050726,112.5416969425186,47.483360849413025,9.313225746154785e-10,6023523370.2851095,96
1058.7225524488103,2026-07-15T00:17:38.722Z,113.60397408820894,48.1099341750069,661809.7577541461,-1885350.1522295065,4314580.238753142,5217716.15341598,114.62738106285852,47.166772162620425,0,6305092682.79799,96
1075.0105917172534,2026-07-15T00:17:55.010Z,114.82665470872328,48.61913336551479,661998.6657149801,-1957424.622059321,4231084.490017102,5259384.239439219,115.09574829425019,48.38223421262615,0,6044455604.130056,96
1091.298630985697,2026-07-15T00:18:11.298Z,116.07511469530668,49.11356737565967,662181.7135491129,-2029105.253459209,4146476.6294479463,5299450.266074326,115.46152050046817,49.71618489897713,9.313225746154785e-10,6140487954.198711,96
1107.58667025414,2026-07-15T00:18:27.586Z,117.34952857162666,49.59268550674208,662358.6795908436,-2100372.9499120642,4060781.340179555,5337902.028821457,116.68470293846495,50.261360066410916,0,6166363836.206172,96
1123.8747095225833,2026-07-15T00:18:43.874Z,118.64999539827232,50.055928441280216,662529.3495868891,-2171208.632584952,3974023.613453377,5374727.814901194,118.84882986317565,49.86876510327283,0,6046687191.600941,96
1140.1627487910266,2026-07-15T00:19:00.162Z,119.97653227781572,50.50272989972208,662693.5169508569,-2241593.341479578,3886228.692884369,5409916.406822353,120.97116135721865,49.43825955196531,0,6358090007.187389,96
1156.4507880594697,2026-07-15T00:19:16.450Z,121.32906513267045,50.93251854166098,662850.9830084108,-2311508.146517284,3797422.1169654494,5443457.085798956,121.5033778805421,50.75814162571497,9.313225746154785e-10,6050749062.300871,96
1172.738827327913,2026-07-15T00:19:32.738Z,122.7074222500029,51.34472011840446,663001.5572328484,-2380934.244649874,3707629.6598572712,5475339.6350152735,122.08133442290293,52.062413385395395,9.313225746154785e-10,6185608881.276451,96
1189.0268665963563,2026-07-15T00:19:49.026Z,124.11132537559347,51.73875987970916,663145.0574708302,-2449852.874890999,3616877.377146827,5505554.342737959,123.58910997004936,52.36516760219145,1.862645149230957e-9,6152518981.523334,96
1205.3149058647994,2026-07-15T00:20:05.314Z,125.54038390003389,52.11406523263864,663281.310158018,-2518245.4115556236,3525191.5430380017,5534092.005274343,125.7794881689591,51.834143841444074,1.862645149230957e-9,6070267621.666656,96
1221.6029451332427,2026-07-15T00:20:21.602Z,126.99408710714766,52.47006864484408,663410.1505244253,-2586093.293253613,3432598.6918434696,5560943.929775968,127.79008518978463,51.43169208146934,9.313225746154785e-10,6324603811.797972,96
1237.890984401686,2026-07-15T00:20:37.890Z,128.47179889832975,52.80621077816929,663531.4227891797,-2653378.061640097,3339125.589654996,5586101.93688651,128.56019557239375,52.703396620588684,0,6057326228.067101,96
1254.179023670129,2026-07-15T00:20:54.179Z,129.9727493037353,53.12194383145332,663644.9803445823,-2720081.1568528526,3244799.4021791983,5609558.363233292,129.38544908662027,53.961524506651166,0,6231312959.25604,96
1270.4670629385726,2026-07-15T00:21:10.467Z,131.49604653811537,53.41673506391271,663750.6859291932,-2786184.8127825772,3149646.9478388075,5631306.063761621,131.12364030843025,53.98964132575547,-9.313225746154785e-10,6138709177.177989,96
1286.7551022070156,2026-07-15T00:21:26.755Z,133.04065096784464,53.69007046275514,663848.4117897945,-2851670.6905329977,3053695.809175374,5651338.413911241,133.28484368108548,53.31058738407882,0,6093887910.459898,96
1303.0431414754587,2026-07-15T00:21:43.043Z,134.60539018828945,53.94145851099039,663938.0398320556,-2916520.7897218307,2956973.597612051,5669649.311634239,135.18099981012043,52.94344182895183,0,6291512740.297695,96
1319.3311807439022,2026-07-15T00:21:59.331Z,136.188956560318,54.170434004090225,664019.4617597423,-2980717.238165632,2859508.1164467116,5686233.179253788,136.21046988061767,54.14784277099499,0,6063805702.380901,96
1335.6192200123453,2026-07-15T00:22:15.619Z,137.78991086839528,54.37656185757731,664092.5792022953,-3044242.320982895,2761327.3261053786,5701084.965163157,137.30586423522834,55.33997007470718,9.313225746154785e-10,6277253798.27214,96
1351.9072592807886,2026-07-15T00:22:31.907Z,139.40668633337248,54.55944084217884,664157.3038306879,-3107078.426722326,2662459.3968138127,5714200.1453644885,139.1798608556176,55.066572461431164,0,6124607014.399599,96
1368.195298549232,2026-07-15T00:22:48.195Z,141.037597220321,54.71870717924691,664213.5574614042,-3169208.1180662178,2562932.629888503,5725574.724846842,141.24207145503212,54.23640655486394,0,6117270171.792512,96
1384.483337817675,2026-07-15T00:23:04.483Z,142.68084684129119,54.854037927076995,664261.2721484508,-3230614.073267449,2462775.5214758334,5735205.238803119,143.0283977852565,53.9131735195837,-9.313225746154785e-10,6258479588.970222,96
1400.7713770861183,2026-07-15T00:23:20.771Z,144.3345402518873,54.965154088838574,664300.3902632883,-3291279.1521771946,2362016.6808268256,5743088.753685476,144.31897475389354,55.0296016860399,0,6069909125.479562,96
1417.0594163545616,2026-07-15T00:23:37.059Z,145.99669631546186,55.05182337527269,664330.8645626213,-3351186.3489217455,2260684.887041553,5749222.868098911,145.68504517914002,56.13439050436831,9.313225746154785e-10,6323185281.563292,96
1433.3474556230046,2026-07-15T00:23:53.347Z,147.66526312879165,55.11386256019835,664352.6582439309,-3410318.820024788,2158809.0535656563,5753605.71353275,147.56487358862947,55.54356791161633,0,6109999883.530534,96
1449.6354948914482,2026-07-15T00:24:09.635Z,149.3381348890567,55.1511393741625,664365.7449887684,-3468659.907471742,2056418.189046273,5756235.954929817,149.45458418510574,54.56754406594581,9.313225746154785e-10,6140245231.605491,96
1465.9235341598912,2026-07-15T00:24:25.923Z,151.01316819898784,55.16357389108411,664370.1089936746,-3526193.0986987795,1953541.4590149608,5757112.791093102,151.14531447099668,54.29709741116673,-9.313225746154785e-10,6225288363.560442,96
1482.2115734283343,2026-07-15T00:24:42.211Z,152.6882016774884,55.151139374162504,664365.7449887684,-3582902.080928762,1850208.0965174087,5756235.954929817,152.67310155346607,55.30615852911217,9.313225746154785e-10,6075468469.101841,96
1498.4996126967776,2026-07-15T00:24:58.499Z,154.36107326918403,55.113862560198356,664352.6582439309,-3638770.6986884167,1746447.475974848,5753605.71353275,154.28199703010714,56.30394362943038,0,6368972336.258312,96
1514.7876519652211,2026-07-15T00:25:14.787Z,156.0296402510832,55.05182337527268,664330.8645626213,-3693783.0032347543,1642289.0210652873,5749222.868098911,156.02238486047958,55.39501555806135,0,6094794017.195581,96
1531.0756912336642,2026-07-15T00:25:31.075Z,157.69179614608834,54.96515408883858,664300.3902632901,-3747923.214864955,1537762.2812179874,5743088.753685477,157.67749653389345,54.286761268402536,0,6162759806.239811,96
1547.3637305021075,2026-07-15T00:25:47.363Z,159.34548955715016,54.854037927076995,664261.2721484508,-3801175.767386193,1432896.8368344773,5735205.238803119,159.2960796386207,54.076950165241264,9.313225746154785e-10,6191845341.038952,96
1563.6517697705506,2026-07-15T00:26:03.651Z,160.98873934622404,54.71870717924691,664213.5574614052,-3853525.2791578476,1327722.3670087992,5725574.724846843,161.01289998371618,54.96374457808964,9.313225746154785e-10,6080430586.18248,96
1579.9398090389939,2026-07-15T00:26:19.939Z,162.61965006506887,54.55944084217884,664157.3038306879,-3904956.5730318404,1222268.6088666776,5714200.145364489,162.8110598052097,55.83999729504269,0,6414599156.6477375,96
1596.227848307437,2026-07-15T00:26:36.227Z,164.23642569814973,54.376561857577315,664092.5792022962,-3955454.690690311,1116565.314101962,5701084.965163158,164.28061823377593,54.6281950727577,0,6079015487.750363,96
1612.5158875758805,2026-07-15T00:26:52.515Z,165.83737983812335,54.170434004090225,664019.4617597423,-4005004.871595376,1010642.3207147395,5686233.179253788,165.66335945911248,53.40760228350923,0,6184880778.653584,96
1628.8039268443238,2026-07-15T00:27:08.803Z,167.42094637825562,53.941458510990394,663938.0398320556,-4053592.5848981696,904529.4519875939,5669649.311634239,167.23899692660157,53.26422220439309,9.313225746154785e-10,6158177170.29832,96
1645.0919661127668,2026-07-15T00:27:25.091Z,168.98568543059667,53.690070462755145,663848.4117897926,-4101203.5087496787,798256.6016260092,5651338.413911241,169.08184746538583,54.020732971377385,-9.313225746154785e-10,6084858860.252022,96
1661.38000538121,2026-07-15T00:27:41.380Z,170.5302856577329,53.41673506391272,663750.6859291922,-4147823.5063857264,691853.9346456148,5631306.063761621,170.9369681707095,54.59058987520203,-9.313225746154785e-10,6361356602.117582,96
1677.6680446496532,2026-07-15T00:27:57.668Z,172.05358306068229,53.121943831453336,663644.9803445833,-4193438.8228585366,585350.7488602365,5609558.3632332925,172.10747297428512,53.28140349587722,0,6062808123.146224,96
1693.9560839180963,2026-07-15T00:28:13.956Z,173.55453750011156,52.806210778169294,663531.4227891807,-4238035.77024722,478777.24631275795,5586101.936886511,173.20903194647914,51.97115284946586,0,6206796440.781635,96
1710.2441231865398,2026-07-15T00:28:30.244Z,175.03224945939738,52.47006864484409,663410.1505244244,-4281600.961502725,372163.2801818992,5560943.929775969,174.77169960276893,51.89756081315933,9.313225746154785e-10,6124426053.372814,96
1726.532162454983,2026-07-15T00:28:46.532Z,176.4859524984074,52.11406523263865,663281.3101580199,-4324121.24581813,265538.73425897746,5534092.005274344,176.6760471900762,52.523286738158,0,6088931894.253637,96
1742.8202017234262,2026-07-15T00:29:02.820Z,177.91501102284786,51.73875987970917,663145.0574708302,-4365583.722684889,158933.41422415618,5505554.34273796,178.45871608544013,52.79044634922157,0,6304175431.135831,96
1759.1082409918695,2026-07-15T00:29:19.108Z,179.3189143165422,51.34472011840446,663001.5572328502,-4405975.738529649,52377.12752655847,5475339.635015274,179.3476157115438,51.41509410935146,0,6046428413.706731,96
1775.3962802603126,2026-07-15T00:29:35.396Z,-179.30272873422908,50.93251854166099,662850.9830084126,-4445284.894873824,-54100.362667402485,5443457.085798957,-179.81630329487209,50.037228237808975,9.313225746154785e-10,6228814676.690381,96
1791.684319528756,2026-07-15T00:29:51.684Z,-177.9501957117363,50.502729899722084,662693.516950856,-4483499.050787237,-160469.3850965798,5409916.406822353,-178.2400675226808,50.03463887211315,0,6090842148.584207,96
1807.9723587971994,2026-07-15T00:30:07.972Z,-176.62365899983098,50.05592844128022,662529.3495868882,-4520606.327503321,-266700.27790271724,5374727.814901194,-176.32922137769202,50.53549306309609,0,6092939279.368648,96
1824.2603980656424,2026-07-15T00:30:24.260Z,-175.32319200554724,49.592685506742086,662358.6795908427,-4556595.10966704,-372763.50147402193,5337902.028821458,-174.71131438316436,50.52160421639518,-9.313225746154785e-10,6247694030.213061,96
1840.5484373340855,2026-07-15T00:30:40.548Z,-174.04877829686535,49.11356737565969,662181.7135491129,-4591454.054029464,-478629.5414097989,5299450.266074327,-174.07009557198197,49.10029978385207,9.313225746154785e-10,6030237586.715919,96
1856.8364766025288,2026-07-15T00:30:56.836Z,-172.80031814264387,48.6191333655148,661998.6657149801,-4625172.085601265,-584269.0230383591,5259384.23943922,-173.46859979537115,47.673909514703276,0,6251358168.085101,96
1873.124515870972,2026-07-15T00:31:13.124Z,-171.57763768976764,48.109934175006906,661809.7577541461,-4657738.411186634,-689652.6126301186,5217716.153415982,-171.8577969416799,47.74210182315346,1.862645149230957e-9,6057773430.325218,96
1889.4125551394154,2026-07-15T00:31:29.412Z,-170.3804953040614,47.58651046175699,661615.2184812082,-4689142.510454733,-794751.1334751293,5174458.700507261,-169.98048246098648,48.12836542975998,-9.313225746154785e-10,6097274583.550192,96
1905.7005944078587,2026-07-15T00:31:45.700Z,-169.20859018202418,47.04939164185739,661415.283587384,-4719374.151649235,-899535.4792880099,5129625.057352258,-168.58233158287288,47.85991183325871,-9.313225746154785e-10,6192328473.195525,96
1921.9886336763018,2026-07-15T00:32:01.988Z,-168.0615689750648,46.499094896904374,661210.1953598,-4748423.390791695,-1003976.6624960136,5083228.880712993,-168.14796289322942,46.40861833662329,9.313225746154785e-10,6014691120.576628,96
1938.276672944745,2026-07-15T00:32:18.276Z,-166.93903203887555,45.93612437297042,661000.2023926182,-4776280.565172259,-1108045.8647200544,5035284.303314319,-167.74423337573796,44.9488798545892,-9.313225746154785e-10,6274956805.271092,96
1954.5647122131882,2026-07-15T00:32:34.564Z,-165.84054096528052,45.360970555325146,660785.5592903718,-4802936.316953466,-1211714.347126669,4985805.929538961,-166.0834871189533,45.08697997849747,0,6025653322.332594,96
1970.8527514816317,2026-07-15T00:32:50.852Z,-164.7656231576765,44.7741098025108,660566.5263637891,-4828381.5715392735,-1314953.5703141117,4934808.830978879,-164.2645547734678,45.37120053323227,-9.313225746154785e-10,6102425791.72447,96
1987.140790750075,2026-07-15T00:33:07.140Z,-163.71377865287178,44.17600402354403,660343.3693184862,-4852607.567859335,-1417735.0899788598,4882308.541844314,-163.11099570839613,44.87533576551465,9.313225746154785e-10,6138571105.0529375,96
2003.428830018518,2026-07-15T00:33:23.428Z,-162.68448381132555,43.567100482469876,660116.3589368649,-4875605.8318230705,-1520030.677559717,4828321.054231917,-162.84338903145,43.405800633017826,9.313225746154785e-10,6000326050.695264,96
2019.7168692869611,2026-07-15T00:33:39.716Z,-161.67719708000865,42.94783171517166,659885.7707535615,-4897368.2064919,-1621812.2291665233,4772862.813253406,-162.60120016660306,41.924015736970944,0,6300237577.439558,96
2036.0049085554044,2026-07-15T00:33:56.004Z,-160.69136265075142,42.3186155441783,659651.8847248591,-4917886.844375595,-1723051.8153630358,4715950.712026219,-160.87967513093292,42.13114196686367,0,5994986488.370001,96
2052.2929478238475,2026-07-15T00:34:12.292Z,-159.72641369617807,41.679855178159045,659414.9848923758,-4937154.194067558,-1823721.7327056385,4657602.086527708,-159.13151112149453,42.32650279327578,-9.313225746154785e-10,6108963510.413839,96
2068.5809870922913,2026-07-15T00:34:28.580Z,-158.78177689879436,41.03193938380836,659175.3590414878,-4955163.0381717365,-1923794.410152356,4597834.710314433,-158.2268351971688,41.62843791183199,0,6086973383.806548,96
2084.869026360734,2026-07-15T00:34:44.869Z,-157.8568782805351,40.37524271886686,658933.298354812,-4971906.602625228,-2023242.1679432201,4536666.789108175,-158.09064700407208,40.1488304156584,9.313225746154785e-10,5987746481.323306,96
2101.1570656291774,2026-07-15T00:35:01.157Z,-156.95113019861472,39.71012581606588,658689.0970612215,-4987378.010759257,-2122038.581012621,4474116.955250275,-157.8634669264484,38.77479557486499,9.313225746154785e-10,6249581538.277419,96
2117.4451048976207,2026-07-15T00:35:17.445Z,-156.063958357082,39.03693570880686,658443.0520807179,-5001571.139196515,-2220156.345290269,4410204.26202606,-156.18780508189653,38.928687979310176,-9.313225746154785e-10,5966333213.314298,96
2133.733144166064,2026-07-15T00:35:33.733Z,-155.19478649290247,38.35600619036619,658195.4626656724,-5014480.028017119,-2317568.7845431007,4344948.177861027,-154.51385217036292,39.04797597111935,0,6117527315.016503,96
2150.021183434507,2026-07-15T00:35:50.021Z,-154.34304348591013,37.66765819935004,657946.6300387671,-5026099.06963468,-2414249.391283611,4278368.580390559,-153.85026745509646,38.16969699670047,9.313225746154785e-10,6038127875.43782,96
2166.3092227029506,2026-07-15T00:36:06.309Z,-153.508163486955,36.972200224995156,657696.857028137,-5036422.957656702,-2510171.9518777668,4210485.7504050145,-153.81621593873308,36.6854117726247,9.313225746154785e-10,5977607758.805981,96
2182.597261971394,2026-07-15T00:36:22.597Z,-152.6895885156927,36.269928726720465,657446.4477000972,-5045446.744732635,-2605310.4355731085,4141320.3656720063,-153.54442924908182,35.44366842078574,-9.313225746154785e-10,6183237330.211502,96
2198.8853012398367,2026-07-15T00:36:38.885Z,-151.8867681558672,35.56112856307755,657195.7069899198,-5053165.786698349,-2699639.119998511,4070893.494637746,-151.9414539463259,35.52541040865212,9.313225746154785e-10,5940292837.030293,96
2215.17334050828,2026-07-15T00:36:55.173Z,-151.09916176310966,34.8460734259241,656944.9403310986,-5059575.804771267,-2793132.4795476682,3999226.590009385,-150.33934825812872,35.58048433452212,0,6128810665.368084,96
2231.4613797767233,2026-07-15T00:37:11.461Z,-150.3262378104801,34.12502627625684,656694.453283539,-5064672.825048189,-2885765.3111407515,3926341.48222033,-149.90310559641406,34.54035192827065,-9.313225746154785e-10,5992649915.412566,96
2247.7494190451666,2026-07-15T00:37:27.749Z,-149.56747561591882,33.39823977868863,656444.5511611383,-5068453.236233374,-2977512.6369487895,3852260.3727804665,-149.94784224616475,33.05474844824847,0,5970599781.078681,96
2264.03745831361,2026-07-15T00:37:44.037Z,-148.82236525076183,32.6659567320457,656195.5386592187,-5070913.768243614,-3068349.755933375,3777005.8275133697,-149.60898685434972,31.938703756447193,0,6120966375.590802,96
2280.3254975820532,2026-07-15T00:38:00.325Z,-148.09040734052917,31.928410493994978,655947.7194822142,-5072051.466232892,-3158252.294874301,3700600.769682537,-148.0744069506103,31.9594051486436,9.313225746154785e-10,5917486712.784046,96
2296.613536850496,2026-07-15T00:38:16.613Z,-147.37111443805165,31.185825397995053,655701.3959721494,-5071863.754714919,-3247196.111150087,3623068.4730087337,-146.53833081204337,31.961004090793676,0,6143544843.06991,96
2312.9015761189394,2026-07-15T00:38:32.901Z,-146.66400979389783,30.438417161200995,655456.8687383197,-5070348.366185008,-3335157.4179224707,3544432.554580598,-146.31365082742585,30.77383832394504,0,5951159430.087538,96
2329.1896153873827,2026-07-15T00:38:49.189Z,-145.9686287318527,29.68639328224653,655214.4362886315,-5067503.417467464,-3422112.6718343133,3464716.9676606506,-146.41894680274197,29.288834434743517,1.862645149230957e-9,5967429916.473984,96
2345.477654655826,2026-07-15T00:39:05.477Z,-145.28451727533138,28.929953428081546,654974.3946630862,-5063327.333995358,-3508038.6979969144,3383945.994388884,-145.99761932946495,28.292511042914505,1.862645149230957e-9,6063307068.859631,96
2361.7656939242693,2026-07-15T00:39:21.765Z,-144.61123323028065,28.16928980926339,654737.0370698664,-5057818.91955293,-3592912.5924066408,3302144.2383862077,-144.52477724793573,28.262171870566725,0,5898541152.3405485,96
2378.0537331927126,2026-07-15T00:39:38.053Z,-143.94834554466723,27.4045875432885,654502.653524451,-5050977.328981306,-3676711.7724476676,3219336.617259927,-143.04705008634372,28.219923580452708,9.313225746154785e-10,6162482372.4052725,96
2394.3417724611554,2026-07-15T00:39:54.341Z,-143.29543362130028,26.636025005712398,654271.5304922462,-5042802.036005892,-3759414.0274509815,3135548.355013619,-143.01841106830136,26.897304799066095,0,5914263372.463513,96
2410.6298117295987,2026-07-15T00:40:10.629Z,-142.65208827620444,25.863774168942115,654043.950535207,-5033292.909342798,-3840997.4209737023,3050804.9743636316,-143.1701978557535,25.413819118605037,-9.313225746154785e-10,5968805984.224263,96
2426.917850998042,2026-07-15T00:40:26.917Z,-142.01791015037506,25.088000928701,653820.1919628214,-5022450.126500977,-3921440.4147607074,2965132.2889646413,-142.65561904571382,24.53223902747794,0,6010775202.0432205,96
2443.2058902664853,2026-07-15T00:40:43.205Z,-141.392510779568,24.308865418260602,653600.528488013,-5010274.263471144,-4000721.756536653,2878556.3955465527,-141.2366363781396,24.45981788817954,-9.313225746154785e-10,5884070793.700536,96
2459.4939295349286,2026-07-15T00:40:59.493Z,-140.7755109617013,23.526522310615267,653385.2288883105,-4996766.204550919,-4078820.6032703314,2791103.665965177,-139.80870929502996,24.38234965737033,0,6186380377.007025,96
2475.781968803372,2026-07-15T00:41:15.781Z,-140.16654179018337,22.741121108839728,653174.5566727836,-4981927.235610798,-4155716.409260287,2702800.739169122,-139.96205640849033,22.932979953096,0,5882539173.9737,96
2492.070008071815,2026-07-15T00:41:32.070Z,-139.56524719427284,21.952806424922706,652968.7697551427,-4965759.260353833,-4231388.684418804,2613674.5130852945,-140.14952318572426,21.45124740133833,0,5975419713.135369,96
2508.358047340258,2026-07-15T00:41:48.358Z,-138.97126797342582,21.161718247412573,652768.1201334642,-4948263.648571382,-4305818.355305236,2523752.1364255534,-139.5337342605349,20.680635143254555,0,5963848167.470683,96
2524.646086608702,2026-07-15T00:42:04.646Z,-138.3842661691292,20.367992198243044,652572.8535769247,-4929443.046805607,-4378985.62538393,2433061.0004169135,-138.16020998734697,20.57417930490549,-9.313225746154785e-10,5874662788.150323,96
2540.934125877145,2026-07-15T00:42:20.934Z,-137.80390741022876,19.571759779134133,652383.2093199687,-4909300.1146514835,-4450871.483624954,2341628.730457958,-136.86878925336168,20.387792340057494,0,6152310713.381305,96
2557.222165145588,2026-07-15T00:42:37.222Z,-137.22986594189766,18.773148607979916,652199.4197643334,-4887837.919095245,-4521457.2430413505,2249483.1777038425,-137.09654013080788,18.899318620185557,0,5856519552.517525,96
2573.5102044140313,2026-07-15T00:42:53.510Z,-136.6618229361013,17.972282645649997,652021.710189308,-4865059.831181087,-4590724.660631008,2156652.4105825615,-137.31134483209146,17.41910923735959,-9.313225746154785e-10,5987931048.489816,96
2589.7982436824745,2026-07-15T00:43:09.798Z,-136.0994673156775,17.169282413639483,651850.2984705949,-4840969.617227477,-4658655.841630095,2063164.706245058,-136.58791435057122,16.756992683173877,9.313225746154785e-10,5922950826.504167,96
2606.0862829509174,2026-07-15T00:43:26.086Z,-135.54249490543336,16.364265203006113,651685.3948081927,-4815571.400338125,-4725233.2871988835,1969048.5419517069,-135.25132021787368,16.623790893089744,-1.862645149230957e-9,5870862155.206348,96
2622.374322219361,2026-07-15T00:43:42.374Z,-134.9906075772899,15.557345275036319,651527.2014636239,-4788869.617596313,-4790439.941383151,1874332.5863978707,-134.13673091829543,16.295142163348153,-1.862645149230957e-9,6090772506.482192,96
2638.6623614878044,2026-07-15T00:43:58.662Z,-134.44351408613412,14.748634054079911,651375.9125068877,-4760869.116818379,-4854259.0961644575,1779045.6909811553,-134.37988896637657,14.81193044959658,0,5836678952.332872,96
2654.9504007562473,2026-07-15T00:44:14.950Z,-133.90092837945141,13.938240312990095,651231.7135734623,-4731575.04409079,-4916674.50868768,1683216.881012965,-134.61555500453727,13.332698232247576,9.313225746154785e-10,6006953625.607279,96
2671.2384400246906,2026-07-15T00:44:31.238Z,-133.36257060728886,13.126270351601827,651094.7816316942,-4700992.956663153,-4977670.292983056,1586875.3468771295,-133.7786650836751,12.777958966308418,-9.313225746154785e-10,5888443281.300066,96
2687.526479293134,2026-07-15T00:44:47.526Z,-132.82816543864334,12.312828168674496,650965.2847608775,-4669128.707286249,-5037231.035629477,1490050.4351382263,-132.47054344331983,12.624696661948857,0,5873158601.736638,96
2703.814518561577,2026-07-15T00:45:03.814Z,-132.29744291060368,11.49801562771892,650843.3819403592,-4635988.544897387,-5095341.702208853,1392771.639602337,-131.5216225205138,12.163211594202604,-9.313225746154785e-10,6036707832.314356,96
2720.1025578300205,2026-07-15T00:45:20.102Z,-131.77013759287524,10.681932617120953,650729.2228498962,-4601579.070639699,-5151987.683270646,1295068.592332946,-131.7749804866984,10.684323009908594,9.313225746154785e-10,5823421828.819916,96
2736.390597098464,2026-07-15T00:45:36.390Z,-131.24598776366733,9.864677204966322,650622.9476816086,-4565907.191331264,-5207154.83784658,1196971.0546247165,-132.02637794393817,9.205305688454448,9.313225746154785e-10,6033041676.917574,96
2752.6786363669066,2026-07-15T00:45:52.678Z,-130.72473626305742,9.046345788963782,650524.6869637249,-4528980.223689323,-5260829.402611437,1098508.9079379342,-131.0701800075202,8.75821206906046,9.313225746154785e-10,5860610727.571585,96
2768.96667563535,2026-07-15T00:46:08.966Z,-130.20612883558888,8.227033241854642,650434.5613964088,-4490805.771887529,-5312998.102530948,999712.1447962943,-129.7822198102953,8.591120008876768,-9.313225746154785e-10,5881975049.454493,96
2785.2547149037932,2026-07-15T00:46:25.254Z,-129.68991516154378,7.406833052690729,650352.6816998487,-4451391.848986637,-5363648.047460157,900610.859650923,-128.9890133859886,8.004084253587312,9.313225746154785e-10,5990302835.447881,96
2801.5427541722365,2026-07-15T00:46:41.542Z,-129.17584720204778,6.585837464353107,650279.1484748647,-4410746.75135128,-5412766.841168638,801235.2397132862,-129.24833581302448,6.52849906990173,-9.313225746154785e-10,5817072935.512577,96
2817.83079344068,2026-07-15T00:46:57.830Z,-128.66368024176865,5.764137607678863,650214.0520761954,-4368879.182762751,-5460342.479103945,701615.5557598927,-129.51128201701476,5.048784320580781,-9.313225746154785e-10,6066678592.541177,96
2834.118832709123,2026-07-15T00:47:14.118Z,-128.15317123799778,4.941823632554869,650157.4724986302,-4325798.126045133,-5506363.455485898,601782.1529115149,-128.42944223876594,4.711028146424445,9.313225746154785e-10,5839655513.419045,96
2850.4068719775664,2026-07-15T00:47:30.406Z,-127.64407970149144,4.118984836332113,650109.479276197,-4281512.953051324,-5550818.675245092,501765.44138976285,-127.15348014714269,4.536021903088839,0,5897658066.80881,96
2866.6949112460093,2026-07-15T00:47:46.694Z,-127.13616689127767,3.295709789908544,650070.1313944692,-4236033.375284966,-5593697.4960737415,401595.88725385774,-126.50735728685855,3.8287862589221158,2.7939677238464355e-9,5951650595.3618555,96
2882.9829505144526,2026-07-15T00:48:02.982Z,-126.62919501904997,2.47208646182244,650039.4772161841,-4189369.3927523056,-5634989.767474546,301304.0031203432,-126.76902093119078,2.3554462736573853,0,5817869724.105178,96
2899.2709897828963,2026-07-15T00:48:19.270Z,-126.1229281289511,1.648202340695575,650017.5544202384,-4141531.406391953,-5674685.746194849,200920.33886867831,-127.03994654055738,0.8740156302959381,0,6108267315.6884,96
2915.559029051339,2026-07-15T00:48:35.559Z,-125.61713466683437,0.8241445563599722,650004.3899541367,-4092530.5036048535,-5712775.89682037,100475.47233544264,-125.82532866227602,0.6487659400579789,-9.313225746154785e-10,5825691484.574961,96
2931.8470683197825,2026-07-15T00:48:51.847Z,-125.11157155456023,5.7828842197720956e-15,649999.9999999991,-4042376.8983764946,-5749252.012413531,7.050429751942452e-10,-124.55330861539065,0.4715771535044513,0,5920470359.606412,96
2948.1351075882258,2026-07-15T00:49:08.135Z,-124.60600860992413,-0.8241445563599398,650004.3899541358,-3991082.385621641,-5784105.44176095,-100475.47233543867,-124.0469381152099,-0.35228455414185356,0,5920747812.915818,96
2964.4231468566686,2026-07-15T00:49:24.423Z,-124.10021094567993,-1.6482023406955637,650017.5544202384,-3938658.620073051,-5817328.337194158,-200920.33886867692,-124.30762780905287,-1.8244466685228224,0,5825956933.1593685,96
2980.711186125112,2026-07-15T00:49:40.711Z,-123.5939440555811,-2.4720864618223866,650039.4772161851,-3885117.6483866414,-5848913.270571493,-301304.00312033674,-124.51301315217582,-3.2494434769027145,0,6110431379.146587,96
2996.999225393555,2026-07-15T00:49:56.999Z,-123.08697218335342,-3.2957097899084893,650070.1313944692,-3830471.7708520577,-5878853.327547414,-401595.88725385116,-123.22771393568492,-3.416704588591257,0,5818740660.392486,96
3013.2872646619985,2026-07-15T00:50:13.287Z,-122.5790593731396,-4.118984836332102,650109.4792761952,-3774733.6752803857,-5907142.017363403,-501765.44138976146,-121.95162541310656,-3.590402551501404,-1.862645149230957e-9,5950585440.584632,96
3029.5753039304423,2026-07-15T00:50:29.575Z,-122.06996783663321,-4.941823632554857,650157.4724986302,-3717916.297048411,-5933773.364339761,-601782.1529115133,-121.57885280536735,-4.528979582410511,0,5897493898.916558,96
3045.8633431988856,2026-07-15T00:50:45.863Z,-121.55945883286238,-5.764137607678873,650214.0520761944,-3660032.9367180537,-5958741.830690751,-701615.5557598938,-121.83528778204905,-6.001017113088989,9.313225746154785e-10,5841383416.395764,96
3062.1513824673284,2026-07-15T00:51:02.151Z,-121.04729187258327,-6.585837464353075,650279.1484748656,-3601097.2059843047,-5982042.351443413,-801235.2397132823,-121.89882748128488,-7.30930482839809,9.313225746154785e-10,6071650476.270129,96
3078.4394217357717,2026-07-15T00:51:18.439Z,-120.53322391308728,-7.406833052690697,650352.6816998478,-3541122.9713972043,-6003670.366674945,-900610.8596509191,-120.60663083891609,-7.473603500179473,1.862645149230957e-9,5818732256.596946,96
3094.727461004215,2026-07-15T00:51:34.727Z,-120.01701023904216,-8.22703324185463,650434.5613964098,-3480124.4744438864,-6023621.747810237,-999712.144796293,-119.31844025031418,-7.638072043938088,1.862645149230957e-9,5988084571.167094,96
3111.0155002726583,2026-07-15T00:51:51.015Z,-119.49840281157365,-9.046345788963746,650524.6869637268,-3418116.187334671,-6041892.882187726,-1098508.9079379302,-119.07407979668976,-8.691041993780837,0,5881692406.494397,96
3127.303539541101,2026-07-15T00:52:07.303Z,-118.97715131142937,-9.864677204966311,650622.9476816077,-3355112.9512532,-6058480.590832377,-1196971.054624715,-119.32274573555576,-10.163971459499207,0,5864101245.150841,96
3143.5915788095444,2026-07-15T00:52:23.591Z,-118.45300148175582,-10.68193261712092,650729.2228498971,-3291129.8310235795,-6073382.209878486,-1295068.592332942,-119.23866027122286,-11.354364321817096,-1.862645149230957e-9,6040370103.937498,96
3159.8796180779877,2026-07-15T00:52:39.879Z,-117.92569616402736,-11.49801562771891,650843.3819403602,-3226182.253992485,-6086595.511015365,-1392771.6396023359,-117.93138797066669,-11.50984677826839,0,5825504047.9375725,96
3176.1676573464306,2026-07-15T00:52:56.167Z,-117.39497363598775,-12.312828168674441,650965.2847608775,-3160285.8639857657,-6098118.779542191,-1490050.4351382197,-116.62297786283234,-11.659157088663118,0,6032956046.907443,96
3192.455696614874,2026-07-15T00:53:12.455Z,-116.86056846734218,-13.126270351601775,651094.7816316932,-3093456.6423009457,-6107950.746891037,-1586875.3468771235,-116.50250976760132,-12.827744169426186,-9.313225746154785e-10,5873054739.124901,96
3208.7437358833176,2026-07-15T00:53:28.743Z,-116.32221069517959,-13.93824031299008,651231.7135734614,-3025710.8509658496,-6116090.619716937,-1683216.8810129634,-116.73937255046081,-14.302517462665346,-9.313225746154785e-10,5893967108.139238,96
3225.031775151761,2026-07-15T00:53:45.031Z,-115.77962498849695,-14.7486340540799,651375.9125068877,-2957064.9746039207,-6122538.105732059,-1779045.6909811543,-116.50036508952543,-15.372048255640214,9.313225746154785e-10,6016173132.936688,96
3241.3198144202042,2026-07-15T00:54:01.319Z,-115.23253149734114,-15.557345275036331,651527.201463622,-2887535.842529963,-6127293.350610923,-1874332.5863978718,-115.1696895722557,-15.512631689478859,-9.313225746154785e-10,5838806043.254295,96
3257.6078536886475,2026-07-15T00:54:17.607Z,-114.68064416919769,-16.364265203006088,651685.3948081909,-2817140.480773879,-6130357.007694738,-1969048.5419517031,-113.8328196029427,-15.64053485397564,-9.313225746154785e-10,6085096878.708198,96
3273.8958929570904,2026-07-15T00:54:33.895Z,-114.12367175895358,-17.169282413639444,651850.2984705949,-2745896.2521703076,-6131730.168393813,-2063164.706245054,-113.83196641581209,-16.927493387856092,9.313225746154785e-10,5871206057.292352,96
3290.1839322255337,2026-07-15T00:54:50.183Z,-113.5613161385298,-17.972282645649962,652021.7101893071,-2673820.7079927754,-6131414.428352274,-2156652.4105825573,-114.0521447103095,-18.40495851062966,0,5930746020.755256,96
3306.471971493977,2026-07-15T00:55:06.471Z,-112.99327313273342,-18.773148607979884,652199.4197643334,-2600931.7100403374,-6129411.828528336,-2249483.177703839,-113.64930441791182,-19.348740386962124,9.313225746154785e-10,5998567752.366909,96
3322.76001076242,2026-07-15T00:55:22.760Z,-112.4192358669954,-19.57175977913413,652383.2093199678,-2527247.8212787705,-6125724.694214111,-2341628.730457957,-112.28672705426332,-19.46797553252156,0,5858306423.621808,96
3339.048050030863,2026-07-15T00:55:39.048Z,-111.83887710762933,-20.367992198243012,652572.8535769247,-2452786.4502355317,-6120356.402086421,-2433061.0004169103,-110.91303603432614,-19.567765173161714,0,6144316901.296854,96
3355.3360892993064,2026-07-15T00:55:55.336Z,-111.25187530379844,-21.16171824741251,652768.120133467,-2377566.6691675223,-6113310.198110362,-2523752.1364255473,-111.02716663650033,-20.97737737854639,0,5875693294.4810705,96
3371.6241285677497,2026-07-15T00:56:11.624Z,-110.6578960824857,-21.952806424922677,652968.7697551418,-2301607.2674829112,-6104590.012170123,-2613674.5130852913,-111.22453546980782,-22.458219817895326,0,5974117341.28797,96
3387.9121678361926,2026-07-15T00:56:27.912Z,-110.05659745255143,-22.74112110883968,653174.5566727826,-2224927.3406215766,-6094200.208728828,-2702800.739169116,-110.64735847065184,-23.2692561832726,9.313225746154785e-10,5986997401.556543,96
3404.200207104637,2026-07-15T00:56:44.200Z,-109.44762811292976,-23.526522310615277,653385.2288883105,-2147546.14160783,-6082145.640008142,-2791103.665965178,-109.24422088554024,-23.360180265746454,0,5883599667.918999,96
3420.4882463730796,2026-07-15T00:57:00.488Z,-108.83062829506306,-24.30886541826057,653600.528488013,-2069483.2020296296,-6068431.596792062,-2878556.3955465495,-107.87450294263364,-23.468925644927868,9.313225746154785e-10,6177651324.969759,96
3436.776285641523,2026-07-15T00:57:16.776Z,-108.20522892425599,-25.088000928700993,653820.1919628214,-1990758.2729557285,-6053063.827382513,-2965132.28896464,-108.04858796419552,-24.962618288791756,0,5885995173.637817,96
3453.064324909966,2026-07-15T00:57:33.064Z,-107.57105079842663,-25.863774168942093,654043.950535208,-1911391.2672521991,-6036048.552044556,-3050804.974363629,-108.2152821882614,-26.447272246925312,0,6023683068.6424,96
3469.3523641784095,2026-07-15T00:57:49.352Z,-106.92770545333079,-26.636025005712366,654271.530492248,-1831402.3785729061,-6017392.419636425,-3135548.3550136164,-107.45187867040882,-27.116214098065004,-9.313225746154785e-10,5980852537.588272,96
3485.6404034468524,2026-07-15T00:58:05.640Z,-106.27479352996383,-27.40458754328846,654502.6535244528,-1750811.9348542443,-5997102.550758189,-3219336.617259924,-105.99951210602028,-27.171194460211233,0,5914216757.017583,96
3501.9284427152957,2026-07-15T00:58:21.928Z,-105.61190584435039,-28.169289809263358,654737.0370698655,-1669640.5342517367,-5975186.49131936,-3302144.238386204,-104.72236867674309,-27.37261788616871,9.313225746154785e-10,6153341959.7591095,96
3518.216481983739,2026-07-15T00:58:38.216Z,-104.93862179976531,-28.92995342808153,654974.3946630852,-1587908.8993726547,-5951652.251696293,-3383945.994388882,-104.8513201406584,-28.865900034668122,0,5901534086.028515,96
3534.504521252182,2026-07-15T00:58:54.504Z,-104.25451034277835,-29.686393282246478,655214.4362886306,-1505637.9947422054,-5926508.268243798,-3464716.9676606446,-104.97710716146592,-30.354414508709606,-1.862645149230957e-9,6078978362.642086,96
3550.792560520625,2026-07-15T00:59:10.792Z,-103.55912928073322,-30.438417161200967,655456.8687383197,-1422848.9688245007,-5899763.416334026,-3544432.5545805953,-104.0147203590307,-30.869272077323252,0,5979484020.7424965,96
3567.0805997890684,2026-07-15T00:59:27.080Z,-102.85202463657943,-31.185825397995007,655701.3959721485,-1339563.096779638,-5871427.019081932,-3623068.4730087286,-102.50470947030824,-30.879845537774283,9.313225746154785e-10,5949637306.646433,96
3583.368639057512,2026-07-15T00:59:43.368Z,-102.13273173410187,-31.928410493994964,655947.7194822133,-1255801.8961311127,-5841508.814670019,-3700600.769682535,-101.31270340184889,-31.17441810603885,9.313225746154785e-10,6134262209.239823,96
3599.6566783259555,2026-07-15T00:59:59.656Z,-101.4007738238692,-32.66595673204571,656195.5386592187,-1171586.9834816738,-5810018.985324863,-3777005.8275133697,-101.3838975240829,-32.666532046740116,0,5921689654.758824,96
3615.9447175943988,2026-07-15T01:00:15.944Z,-100.65566345871224,-33.39823977868863,656444.5511611402,-1086940.2060242756,-5776968.123471187,-3852260.3727804665,-101.45539072658383,-34.15837102640856,1.862645149230957e-9,6139484182.502999,96
3632.2327568628416,2026-07-15T01:00:32.232Z,-99.89690126415094,-34.12502627625683,656694.4532835353,-1001883.4995899461,-5742367.256542746,-3926341.482220328,-100.28142849093733,-34.50420194536136,9.313225746154785e-10,5982217856.604838,96
3648.520796131285,2026-07-15T01:00:48.520Z,-99.12397731152141,-34.84607342592408,656944.9403310977,-916439.0018293755,-5706227.819536906,-3999226.5900093825,-98.70614780519429,-34.46092369475246,9.313225746154785e-10,5989303430.248795,96
3664.808835399728,2026-07-15T01:01:04.808Z,-98.33637091876389,-35.56112856307753,657195.7069899198,-830628.9954060502,-5668561.662192257,-4070893.4946377436,-97.59024708297021,-34.85013447903676,0,6119622776.534855,96
3681.096874668171,2026-07-15T01:01:21.096Z,-97.5335505589384,-36.26992872672044,657446.4477000982,-744475.8522573565,-5629381.051682768,-4141320.365672004,-97.5873680594657,-36.33941674246233,9.313225746154785e-10,5945813756.223277,96
3697.3849139366143,2026-07-15T01:01:37.384Z,-96.71497558767608,-36.972200224995134,657696.857028137,-658002.1446653842,-5588698.651208624,-4210485.750405013,-97.58707283970054,-37.83316600034595,0,6204641882.216359,96
3713.6729532050576,2026-07-15T01:01:53.672Z,-95.8800955887209,-37.66765819935002,657946.6300387671,-571230.5064416146,-5546527.534377375,-4278368.580390557,-96.19096413547273,-37.991791473249975,0,5988370985.987338,96
3729.960992473501,2026-07-15T01:02:09.960Z,-95.02835258172856,-38.35600619036616,658195.4626656706,-484183.75900425017,-5502881.164443557,-4344948.177861025,-94.54449333215769,-37.88412250422599,0,6032635078.681643,96
3746.249031741944,2026-07-15T01:02:26.249Z,-94.15918492014222,-39.03693570880682,658443.0520807188,-396885.174704256,-5457773.375294744,-4410204.262026057,-93.49280986663386,-38.37031135740839,-9.313225746154785e-10,6108639509.730747,96
3762.537071010388,2026-07-15T01:02:42.537Z,-93.27201291004002,-39.71012581606588,658689.0970612215,-309356.980199351,-5411218.478338586,-4474116.955250275,-93.39497804273533,-39.8538082842702,-9.313225746154785e-10,5973246717.189646,96
3778.825110278831,2026-07-15T01:02:58.825Z,-92.36626499668908,-40.375242718866815,658933.298354811,-221622.71309871646,-5363231.069831946,-4536666.789108171,-93.30022124291253,-41.346755401688156,9.313225746154785e-10,6273869535.758371,96
3795.113149547274,2026-07-15T01:03:15.113Z,-91.44136217583666,-41.031939383808364,659175.3590414859,-133705.55759282038,-5313826.163064199,-4597834.710314433,-91.67653321157194,-41.29660750124415,9.313225746154785e-10,5997267765.852429,96
3811.4011888157174,2026-07-15T01:03:31.401Z,-90.49672537845301,-41.67985517815901,659414.9848923748,-45628.85253202822,-5263019.143244529,-4657602.086527705,-89.95612102193313,-41.11289402795789,-9.313225746154785e-10,6079046546.612632,96
3827.6892280841607,2026-07-15T01:03:47.689Z,-89.53177642387963,-42.318615544178286,659651.8847248582,42584.04039126402,-5210825.766806291,-4715950.712026217,-88.9522014374959,-41.69895546189256,0,6100550255.085447,96
3843.9772673526036,2026-07-15T01:04:03.977Z,-88.54594199462242,-42.94783171517164,659885.7707535625,130909.6184073314,-5157262.154325709,-4772862.813253405,-88.73319334641639,-43.17190446769849,9.313225746154785e-10,6003334347.306311,96
3860.265306621047,2026-07-15T01:04:20.265Z,-87.53865526330556,-43.56710048246984,660116.358936864,219324.36716933176,-5102344.785487902,-4828321.054231915,-88.48817640972274,-44.630458469568545,-9.313225746154785e-10,6327855936.0378,96
3876.55334588949,2026-07-15T01:04:36.553Z,-86.5093604217593,-44.17600402354402,660343.3693184862,307804.6598496358,-5046090.495064264,-4882308.541844313,-86.66845559334764,-44.375745732655034,0,6008256740.541042,96
3892.841385157933,2026-07-15T01:04:52.841Z,-85.45751591695463,-44.774109802510765,660566.5263637891,396326.81016071327,-4988516.468050371,-4934808.830978874,-84.87669599613868,-44.10337916689099,-9.313225746154785e-10,6127963780.0852585,96
3909.1294244263763,2026-07-15T01:05:09.129Z,-84.38259810935051,-45.36097055532512,660785.5592903718,484867.12180833006,-4929640.230070798,-4985805.929538959,-83.89743947074753,-44.79225953639929,0,6094631645.289835,96
3925.4174636948196,2026-07-15T01:05:25.417Z,-83.28410703575555,-45.93612437297039,661000.2023926182,573401.7925827787,-4869479.649801231,-5035284.303314317,-83.52535800138071,-46.24743203197412,-9.313225746154785e-10,6035445411.631475,96
3941.7055029632634,2026-07-15T01:05:41.705Z,-82.16157009956623,-46.49909489690436,661210.1953597991,661907.0368692074,-4808052.923127756,-5083228.8807129925,-82.98519927257637,-47.52743370889704,9.313225746154785e-10,6301228961.189367,96
3957.9935422317067,2026-07-15T01:05:57.993Z,-81.0145488926069,-47.04939164185739,661415.283587384,750358.9772209725,-4745378.579950892,-5129625.057352257,-81.10052113295254,-47.1778625559574,0,6020727267.411772,96
3974.28158150015,2026-07-15T01:06:14.281Z,-79.8426437705697,-47.58651046175697,661615.2184812073,838733.7644936086,-4681475.463976299,-5174458.700507259,-79.24828427134953,-46.803749124092136,-9.313225746154785e-10,6178842070.565411,96
3990.569620768593,2026-07-15T01:06:30.569Z,-78.6455013848635,-48.10993417500688,661809.757754148,927007.4854979101,-4616362.740836319,-5217716.15341598,-78.26164688479561,-47.597649960990154,1.862645149230957e-9,6090215378.702571,96
4006.857660037036,2026-07-15T01:06:46.857Z,-77.4228209319871,-48.61913336551479,661998.665714981,1015156.2127059402,-4550059.887134661,-5259384.23943922,-77.69970380914012,-49.02460736541075,0,6068989100.729449,96
4023.1456993054794,2026-07-15T01:07:03.145Z,-76.17436077776573,-49.11356737565967,662181.713549112,1103156.049960442,-4482586.674857436,-5299450.266074325,-76.85155008840447,-50.100612780495894,0,6275871727.286275,96
4039.4337385739223,2026-07-15T01:07:19.433Z,-74.89994706908381,-49.59268550674208,662358.6795908436,1190983.0456720095,-4413963.185890271,-5337902.028821457,-74.9213242729117,-49.64304928932541,-9.313225746154785e-10,6034125538.810343,96
4055.7217778423656,2026-07-15T01:07:35.721Z,-73.5994800748001,-50.05592844128021,662529.3495868901,1278613.3050710352,-4344209.781144528,-5374727.814901194,-73.03113570676365,-49.15454207744949,9.313225746154785e-10,6231183682.417222,96
4072.009817110809,2026-07-15T01:07:52.009Z,-72.2729433628948,-50.50272989972206,662693.5169508569,1366022.8926682419,-4273347.121246954,-5409916.406822352,-71.99436705684222,-50.053772653673754,0,6086703528.0500345,96
4088.297856379252,2026-07-15T01:08:08.297Z,-70.920410340402,-50.932518541660954,662850.9830084117,1453187.941319524,-4201396.1314112805,-5443457.0857989555,-71.20376188500347,-51.438200731459254,0,6103432022.104249,96
4104.585895647695,2026-07-15T01:08:24.585Z,-69.5420533911733,-51.34472011840444,663001.5572328484,1540084.557972082,-4128378.0260891523,-5475339.635015272,-70.05315499309988,-52.2815904981756,-9.313225746154785e-10,6251220378.772368,96
4120.873934916139,2026-07-15T01:08:40.873Z,-68.13815009747894,-51.73875987970915,663145.0574708292,1626688.9294299851,-4054314.2696143007,-5505554.342737958,-68.11151233826533,-51.704423705518266,0,6047969536.58544,96
4137.1619741845825,2026-07-15T01:08:57.161Z,-66.70909157303844,-52.114065232638644,663281.3101580199,1712977.2431563633,-3979226.5997748887,-5534092.005274344,-66.22038136987581,-51.09082546178592,9.313225746154785e-10,6284554937.248308,96
4153.450013453025,2026-07-15T01:09:13.450Z,-65.25539273615581,-52.47006864484409,663410.1505244244,1798925.4449970583,-3903137.1413260573,-5560943.929775969,-65.08007284154127,-52.0923633556526,9.313225746154785e-10,6083582417.992423,96
4169.738052721468,2026-07-15T01:09:29.738Z,-63.77768077733581,-52.80621077816928,663531.4227891797,1884510.4304157023,-3826067.8612821572,-5586101.93688651,-64.02598767755472,-53.41582562097599,9.313225746154785e-10,6138314220.573472,96
4186.026091989912,2026-07-15T01:09:46.026Z,-62.27672633744085,-53.12194383145332,663644.9803445823,1969708.2361728908,-3748041.37178355,-5609558.363233292,-62.607962267382916,-53.99732799326613,0,6226811852.246005,96
4202.314131258355,2026-07-15T01:10:02.314Z,-60.75342893495708,-53.416735063912704,663750.6859291913,2054495.2993944623,-3669080.371397807,-5631306.06376162,-60.70517507770849,-53.29247258389832,0,6061862468.479158,96
4218.602170526798,2026-07-15T01:10:18.602Z,-59.20882450522778,-53.69007046275513,663848.4117897926,2138848.0942009357,-3589207.8028658656,-5651338.41391124,-58.864993781145415,-52.54703119731558,-9.313225746154785e-10,6338602273.056068,96
4234.890209795241,2026-07-15T01:10:34.890Z,-57.64408545288666,-53.941458510990394,663938.0398320556,2222743.1724463436,-3508446.83060718,-5669649.311634239,-57.560638539489844,-53.64308488964262,0,6080434632.534154,96
4251.178249063684,2026-07-15T01:10:51.178Z,-56.060518912754496,-54.17043400409022,664019.4617597423,2306157.2007330414,-3426820.8134405743,-5686233.179253787,-56.22147865658426,-54.883700343164506,0,6173263739.754074,96
4267.466288332128,2026-07-15T01:11:07.466Z,-54.45956477278084,-54.37656185757731,664092.5792022943,2389066.8944722423,-3344353.3432483417,-5701084.965163157,-54.60936686478817,-55.17762422262651,9.313225746154785e-10,6202292724.412408,96
4283.754327600571,2026-07-15T01:11:23.754Z,-52.84278913969995,-54.55944084217883,664157.3038306879,2471449.1060610656,-3261068.1847571703,-5714200.1453644885,-52.8086650943764,-54.34275867146766,9.313225746154785e-10,6075504268.588364,96
4300.042366869014,2026-07-15T01:11:40.042Z,-51.21187842085515,-54.71870717924691,664213.5574614052,2553280.7517643105,-3176989.323814907,-5725574.724846842,-51.08250014052019,-53.47027890644658,1.862645149230957e-9,6390157698.919488,96
4316.330406137457,2026-07-15T01:11:56.330Z,-49.568628631781195,-54.854037927076995,664261.2721484508,2634538.8959828815,-3092140.9031814127,-5735205.238803119,-49.554167475664094,-54.641882405248744,-9.313225746154785e-10,6076948756.168696,96
4332.618445405901,2026-07-15T01:12:12.618Z,-47.914935220719414,-54.965154088838574,664300.3902632883,2715200.6908694627,-3006547.2666103886,-5743088.753685476,-47.93188214495729,-55.77638117582704,0,6208009263.752232,96
4348.906484674344,2026-07-15T01:12:28.906Z,-46.25277932571428,-55.05182337527268,664330.8645626223,2795243.4123772574,-2920232.930651096,-5749222.868098911,-46.237124594365206,-55.76596278915857,9.313225746154785e-10,6177425423.106102,96
4365.194523942788,2026-07-15T01:12:45.194Z,-44.584212343815025,-55.11386256019835,664352.6582439309,2874644.491775541,-2833222.5521262614,-5753605.71353275,-44.60528436693485,-54.80619008307864,9.313225746154785e-10,6088700796.22649,96
4381.482563211231,2026-07-15T01:13:01.482Z,-42.91134075211941,-55.151139374162504,664365.7449887684,2953381.461721821,-2745540.9782955535,-5756235.954929817,-43.03546946154367,-53.99663942841121,0,6345887106.222187,96
4397.7706024796735,2026-07-15T01:13:17.770Z,-41.236307273619,-55.16357389108411,664370.1089936737,3031432.0304038217,-2657213.1729394537,-5757112.791093102,-41.25745653635803,-55.04179402357186,9.313225746154785e-10,6072926515.90635,96
4414.058641748117,2026-07-15T01:13:34.058Z,-39.56127396368778,-55.15113937416251,664365.7449887684,3108774.022309601,-2568264.2777088205,-5756235.954929817,-39.38398669759242,-56.048891501940204,9.313225746154785e-10,6242390427.417777,96
4430.34668101656,2026-07-15T01:13:50.346Z,-37.88840220342275,-55.113862560198356,664352.6582439309,3185385.448189048,-2478719.534444702,-5753605.71353275,-37.74171369963367,-55.730983042969044,0,6152091586.283448,96
4446.634720285003,2026-07-15T01:14:06.634Z,-36.21983539009298,-55.05182337527269,664330.8645626204,3261244.4499234664,-2388604.3501469484,-5749222.868098911,-36.33529328865838,-54.658944695926714,0,6101370437.0346,96
4462.922759553447,2026-07-15T01:14:22.922Z,-34.55767932651836,-54.96515408883858,664300.3902632901,3336329.366239547,-2297944.2156040324,-5743088.753685477,-34.897074465652665,-53.92044759027581,0,6301565453.300505,96
4479.2107988218895,2026-07-15T01:14:39.210Z,-32.903985915922355,-54.854037927077,664261.2721484499,3410618.6882026885,-2206764.763915,-5735205.238803119,-32.92188251910151,-54.82291828179486,9.313225746154785e-10,6068287072.372192,96
4495.498838090333,2026-07-15T01:14:55.498Z,-31.260736294952096,-54.71870717924691,664213.5574614052,3484091.088248292,-2115091.735540765,-5725574.724846843,-30.85656176209572,-55.68706111426727,0,6276365453.51634,96
4511.786877358777,2026-07-15T01:15:11.786Z,-29.629825408003498,-54.55944084217883,664157.303830687,3556725.4440757064,-2022950.939827738,-5714200.1453644885,-29.399563657758705,-55.0739010405928,9.313225746154785e-10,6126292449.568031,96
4528.07491662722,2026-07-15T01:15:28.074Z,-28.01304994302634,-54.376561857577315,664092.5792022962,3628500.801262952,-1930368.3187396438,-5701084.965163158,-28.252634716282717,-53.907927646675994,9.313225746154785e-10,6113547894.014949,96
4544.362955895663,2026-07-15T01:15:44.362Z,-26.412095634949043,-54.170434004090225,664019.4617597423,3699396.42783062,-1837369.8570719003,-5686233.179253788,-26.90935507155882,-53.24607274342562,0,6257181667.938065,96
4560.6509951641065,2026-07-15T01:16:00.650Z,-24.828529262920508,-53.9414585109904,663938.0398320574,3769391.7740774406,-1743981.6591271032,-5669649.31163424,-24.806140203702256,-53.997206609802056,9.313225746154785e-10,6063068303.07718,96
4576.939034432549,2026-07-15T01:16:16.939Z,-23.26379424460321,-53.69007046275515,663848.4117897935,3838466.401694345,-1650230.1370669017,-5651338.413911242,-22.623485723211708,-54.71117652113313,9.313225746154785e-10,6310015862.7731,96
4593.227073700992,2026-07-15T01:16:33.227Z,-21.71918981533955,-53.416735063912725,663750.6859291922,3906600.4434332633,-1556140.9583895737,-5631306.063761622,-21.456149740344653,-53.82813434432784,0,6100146244.652393,96
4609.515112969436,2026-07-15T01:16:49.515Z,-20.19589258049379,-53.121943831453336,663644.9803445833,3973773.8791645477,-1461740.6806673934,-5609558.3632332925,-20.575504507911454,-52.58906577692013,-9.313225746154785e-10,6125385050.235342,96
4625.803152237879,2026-07-15T01:17:05.803Z,-18.69493797296082,-52.806210778169294,663531.4227891807,4039967.0585661028,-1367055.597692548,-5586101.936886511,-19.28540858891058,-52.00608491176295,0,6212846053.574919,96
4642.091191506322,2026-07-15T01:17:22.091Z,-17.217226181778848,-52.470068644844126,663410.1505244253,4105160.548861863,-1272112.0896858696,-5560943.929775971,-17.125606531950048,-52.60564602343797,-9.313225746154785e-10,6057425024.834756,96
4658.379230774765,2026-07-15T01:17:38.379Z,-15.763522974665007,-52.11406523263866,663281.310158018,4169335.173728457,-1176936.522093812,-5534092.005274344,-14.899194228839576,-53.1709730324958,9.313225746154785e-10,6343548103.590841,96
4674.667270043209,2026-07-15T01:17:54.667Z,-14.334464450224516,-51.738759879709164,663145.0574708292,4232471.991332403,-1081555.321060797,-5505554.342737959,-14.083488054788095,-52.05133443317824,1.862645149230957e-9,6073882693.397898,96
4690.955309311652,2026-07-15T01:18:10.955Z,-12.930561324633945,-51.34472011840447,663001.5572328493,4294552.312814585,-985994.9312743484,-5475339.635015274,-13.452580422092717,-50.759313322205,0,6137148884.543767,96
4707.243348580096,2026-07-15T01:18:27.243Z,-11.552204207301394,-50.93251854166096,662850.9830084117,4355557.715837507,-890281.7699147281,-5443457.0857989555,-12.175896689195953,-50.25424807734736,9.313225746154785e-10,6168782024.2377405,96
4723.5313878485385,2026-07-15T01:18:43.531Z,-10.199671352446815,-50.50272989972209,662693.516950856,4415470.029566241,-794442.3075123844,-5409916.406822354,-10.020692261113929,-50.709286053232866,0,6051624209.533828,96
4739.819427116981,2026-07-15T01:18:59.819Z,-8.873134472903425,-50.055928441280244,662529.3495868891,4474271.36222496,-698502.9589558188,-5374727.8149011955,-7.81067528017194,-51.13463495392613,9.313225746154785e-10,6377292057.026169,96
4756.107466385425,2026-07-15T01:19:16.107Z,-7.572667646257712,-49.59268550674209,662358.6795908427,4531944.086787034,-602490.1789314055,-5337902.028821458,-7.367393914587594,-49.81380249825968,-9.313225746154785e-10,6047834780.567743,96
4772.395505653868,2026-07-15T01:19:32.395Z,-6.29825376993772,-49.113567375659684,662181.7135491129,4588470.863834704,-506430.3505061334,-5299450.266074327,-6.955259928908244,-48.48608892675439,-9.313225746154785e-10,6149216521.639768,96
4788.683544922311,2026-07-15T01:19:48.683Z,-5.049793783354429,-48.61913336551484,661998.6657149792,4643834.631646735,-410349.88317988766,-5259384.239439222,-5.658815168357797,-48.05567431784502,0,6125315208.312091,96
4804.971584190755,2026-07-15T01:20:04.971Z,-3.8271131628400226,-48.10993417500691,661809.757754147,4698018.624420103,-314275.09884300875,-5217716.153415983,-3.5526489380484874,-48.37824140983841,0,6046037352.267204,96
4821.259623459197,2026-07-15T01:20:21.259Z,-2.629970776668135,-47.58651046175701,661615.2184812082,4751006.3673543595,-218232.31857823534,-5174458.700507262,-1.5537801031808482,-48.546267133837745,0,6322428998.003651,96
4837.547662727641,2026-07-15T01:20:37.547Z,-1.458065823200246,-47.0493916418574,661415.2835873831,4802781.6870322265,-122247.81577078253,-5129625.057352258,-1.3201692468332766,-47.18787385849711,0,6022428076.840688,96
4853.835701996084,2026-07-15T01:20:53.835Z,-0.31104444767151707,-46.499094896904374,661210.1953598,4853328.716694495,-26347.765804671217,-5083228.880712993,-1.090463292974249,-45.837952612233295,0,6162067593.145575,96
4870.123741264528,2026-07-15T01:21:10.123Z,0.8114923199483308,-45.93612437297044,661000.2023926163,4902631.898388294,69441.66235783044,-5035284.30331432,0.2508449850146999,-45.47773721474932,0,6082860261.663586,96
4886.411780532971,2026-07-15T01:21:26.411Z,1.9099835616470546,-45.36097055532516,660785.5592903718,4950675.989592012,165094.42698128242,-4985805.929538962,2.280786913489726,-45.6824701073977,9.313225746154785e-10,6041130247.491968,96
4902.699819801414,2026-07-15T01:21:42.699Z,2.98490120114743,-44.77410980251081,660566.5263637891,4997446.06851753,260584.50591039006,-4934808.830978879,4.011679250725205,-45.60700951071941,-9.313225746154785e-10,6256605990.05335,96
4918.987859069857,2026-07-15T01:21:58.987Z,4.036745874055857,-44.17600402354403,660343.3693184862,5042927.536068354,355886.01962793665,-4882308.541844314,4.095513035892565,-44.24078916148084,-9.313225746154785e-10,5998167958.7813225,96
4935.275898338301,2026-07-15T01:22:15.275Z,5.066040715602105,-43.567100482469854,660116.3589368649,5087106.124158882,450973.1362010385,-4828321.054231916,4.178139339610489,-42.87844911232694,-9.313225746154785e-10,6176274172.077225,96
4951.563937606744,2026-07-15T01:22:31.563Z,6.0733272788152055,-42.94783171517168,659885.7707535625,5129967.899629457,545820.1218378688,-4772862.813253408,5.582111238072743,-42.58378083947007,0,6041905802.341843,96
4967.851976875187,2026-07-15T01:22:47.851Z,7.059161876176198,-42.31861554417832,659651.8847248591,5171499.26309613,640401.3931157263,-4715950.712026221,7.522889191203006,-42.68599251596596,9.313225746154785e-10,6037450512.402399,96
4984.14001614363,2026-07-15T01:23:04.140Z,8.02410646005276,-41.67985517815902,659414.9848923758,5211687.018119216,734691.0367694637,-4657602.086527706,8.975463069049958,-42.39880691916256,9.313225746154785e-10,6193190288.484741,96
5000.428055412073,2026-07-15T01:23:20.428Z,8.968743426005805,-41.03193938380838,659175.3590414859,5250518.152948087,828664.4634346236,-4597834.710314434,8.943605754303158,-41.0312300709988,9.313225746154785e-10,5975625130.392605,96
5016.716094680516,2026-07-15T01:23:36.716Z,9.893646078288736,-40.3752427188669,658933.298354811,5287980.16347947,922296.0078085158,-4536666.789108179,8.910164267182513,-39.66313887649219,-9.313225746154785e-10,6192488615.154413,96
5033.00413394896,2026-07-15T01:23:53.004Z,10.799394160209152,-39.710125816065904,658689.0970612187,5324060.844175231,1015560.5787106561,-4474116.955250276,10.389056839347141,-39.42986396631575,9.313225746154785e-10,6002997930.70682,96
5049.292173217404,2026-07-15T01:24:09.292Z,11.686566169845637,-39.036935708806865,658443.0520807169,5358748.356402925,1108433.1782859592,-4410204.26202606,12.237922935131804,-39.44432651833351,9.313225746154785e-10,6035613262.90814,96
5065.5802124858465,2026-07-15T01:24:25.580Z,12.555737865921381,-38.356006190366195,658195.4626656715,5392031.225825725,1200888.9549793797,-4344948.177861027,13.417779672913927,-38.973477769449154,9.313225746154785e-10,6132747242.720961,96
5081.86825175429,2026-07-15T01:24:41.868Z,13.407481041017544,-37.66765819935002,657946.6300387671,5423898.334915329,1292903.2576332295,-4278368.580390557,13.297947486049353,-37.60849590920142,-9.313225746154785e-10,5955419889.505978,96
5098.156291022733,2026-07-15T01:24:58.156Z,14.242360871868932,-36.97220022499514,657696.8570281379,5454338.951008309,1384451.5318056154,-4210485.750405014,13.174007005619352,-36.23890760679163,9.313225746154785e-10,6211429702.478757,96
5114.444330291176,2026-07-15T01:25:14.444Z,15.0609360112349,-36.2699287267205,657446.4477000972,5483342.700769463,1475509.4528865286,-4141320.36567201,14.73640164514128,-36.063790315112335,0,5966722828.430675,96
5130.73236955962,2026-07-15T01:25:30.732Z,15.863756202956733,-35.56112856307754,657195.7069899198,5510899.605065951,1566052.8052939463,-4070893.494637745,16.497146390213064,-36.00410902575114,9.313225746154785e-10,6036285393.723137,96
5147.0204088280625,2026-07-15T01:25:47.020Z,16.65136276428365,-34.846073425924125,656944.9403310977,5537000.048935038,1656057.6169397873,-3999226.5900093857,17.418243517476153,-35.37337825001429,0,6075864384.394571,96
5163.308448096505,2026-07-15T01:26:03.308Z,17.42428671644748,-34.12502627625686,656694.4532835372,5561634.81546646,1745500.0530381536,-3926341.482220331,17.232125800154353,-34.01315089722335,9.313225746154785e-10,5938205600.656694,96
5179.596487364949,2026-07-15T01:26:19.596Z,18.18304874337075,-33.39823977868865,656444.5511611402,5584795.076800427,1834356.4705967014,-3852260.3727804692,17.037964590436133,-32.64455365558017,0,6233867500.248225,96
5195.884526633392,2026-07-15T01:26:35.884Z,18.928159276165747,-32.66595673204574,656195.5386592196,5606472.380428087,1922603.4737293157,-3777005.827513374,18.690336770586157,-32.525490653554755,0,5933688937.170838,96
5212.172565901835,2026-07-15T01:26:52.172Z,19.660117018760374,-31.92841049399502,655947.7194822133,5626658.68952383,2010217.805562363,-3700600.7696825415,20.37054652138303,-32.40388337089432,9.313225746154785e-10,6040168938.788324,96
5228.460605170279,2026-07-15T01:27:08.460Z,20.37941008887599,-31.18582539799502,655701.3959721494,5645346.341916371,2097176.485294128,-3623068.473008731,21.0502168054697,-31.632824447272125,-9.313225746154785e-10,6023133255.735803,96
5244.748644438722,2026-07-15T01:27:24.748Z,21.08651456539172,-30.438417161200977,655456.8687383197,5662528.09893516,2183456.6827780297,-3544432.5545805967,20.814395634849024,-30.27828711668976,-9.313225746154785e-10,5924651834.737271,96
5261.036683707165,2026-07-15T01:27:41.036Z,21.781895795074906,-29.68639328224656,655214.4362886297,5678197.100067706,2269035.8563839537,-3464716.967660653,20.688629929208087,-28.992820240361485,9.313225746154785e-10,6190796345.485514,96
5277.324722975609,2026-07-15T01:27:57.324Z,22.46600725206187,-28.92995342808154,654974.3946630871,5692346.90875475,2353891.6432620003,-3383945.9943888844,22.313599779084257,-28.848031099011717,9.313225746154785e-10,5904509204.108592,96
5293.612762244052,2026-07-15T01:28:13.612Z,23.139291128543203,-28.169289809263393,654737.0370698674,5704971.497323403,2438001.9143530936,-3302144.238386208,23.922814538722655,-28.675345650715062,9.313225746154785e-10,6047983991.9453745,96
5309.900801512495,2026-07-15T01:28:29.900Z,23.80217898226036,-27.404587543288518,654502.653524451,5716065.227015239,2521344.8308483353,-3219336.61725993,24.378758532425955,-27.779634938232803,0,5975131938.893982,96
5326.188840780938,2026-07-15T01:28:46.188Z,24.455090737523673,-26.63602500571236,654271.530492248,5725622.900245891,2603898.732347371,-3135548.3550136155,24.10574032155089,-26.4309110123557,-9.313225746154785e-10,5915427616.513395,96
5342.476880049381,2026-07-15T01:29:02.476Z,25.09843625072316,-25.863774168942147,654043.950535207,5733639.704421024,2685642.2768220445,-3050804.9743636344,24.10446395985694,-25.252191439583097,0,6125902274.058332,96
5358.764919317824,2026-07-15T01:29:18.764Z,25.73261420844881,-25.08800092870105,653820.1919628214,5740111.274300309,2766554.311478225,-2965132.2889646464,25.663332250742215,-25.05880253048579,0,5879783849.832817,96
5375.052958586268,2026-07-15T01:29:35.052Z,26.358013747359614,-24.30886541826061,653600.528488013,5745033.631702077,2846614.0130054667,-2878556.3955465537,27.21190954970501,-24.84465489318598,9.313225746154785e-10,6060451652.442672,96
5391.340997854711,2026-07-15T01:29:51.340Z,26.97501339712261,-23.526522310615295,653385.2288883096,5748403.251486907,2925800.7578950897,-2791103.66596518,27.460540566001686,-23.836535823089374,9.313225746154785e-10,5932408671.876577,96
5407.629037123154,2026-07-15T01:30:07.629Z,27.58397853415111,-22.741121108839717,653174.5566727817,5750217.217572661,3004093.8410520363,-2702800.7391691203,27.159687734131207,-22.493221578034092,0,5911185187.178261,96
5423.917076391598,2026-07-15T01:30:23.917Z,28.18527733265477,-21.952806424922713,652968.7697551427,5750472.407674977,3081474.0497018797,-2613674.5130852954,27.287686615239256,-21.413594982327417,9.313225746154785e-10,6066892122.588852,96
5440.205115660041,2026-07-15T01:30:40.205Z,28.779256385398124,-21.161718247412555,652768.1201334642,5749166.775335342,3157921.1886994094,-2523752.1364255515,28.790590484457955,-21.180664014982426,0,5860084068.279258,96
5456.493154928484,2026-07-15T01:30:56.493Z,29.366258357798394,-20.367992198243066,652572.8535769265,5746298.458493248,3233415.823078957,-2433061.0004169163,30.289059225600166,-20.93362610301633,-9.313225746154785e-10,6078277428.932871,96
5472.781194196928,2026-07-15T01:31:12.781Z,29.946616948595146,-19.571759779134144,652383.2093199678,5741866.060147841,3307938.7429009555,-2341628.7304579588,30.344687885098637,-19.822343455986225,9.313225746154785e-10,5895466877.20178,96
5489.06923346537,2026-07-15T01:31:29.069Z,30.52065858502996,-18.773148607979945,652199.4197643334,5735868.5742838895,3381471.103312716,-2249483.177703846,30.023011614331136,-18.483698843502378,-9.313225746154785e-10,5912544644.638809,96
5505.357272733813,2026-07-15T01:31:45.357Z,31.08870159082631,-17.972282645650036,652021.7101893099,5728305.4537187815,3453994.310880243,-2156652.4105825666,30.283658264207677,-17.497311317933185,-9.313225746154785e-10,6014178897.957443,96
5521.645312002257,2026-07-15T01:32:01.645Z,31.651057043146416,-17.169282413639483,651850.2984705949,5719176.582952442,3525490.0792205017,-2063164.7062450582,31.740750823137265,-17.2329481426308,0,5845937013.501461,96
5537.9333512707,2026-07-15T01:32:17.933Z,32.20802962195992,-16.364265203006124,651685.3948081918,5708482.247451352,3595940.483481285,-1969048.5419517076,33.19948446911346,-16.960746804754617,-1.862645149230957e-9,6102135493.628103,96
5554.221390539144,2026-07-15T01:32:34.221Z,32.759916781534,-15.557345275036326,651527.2014636239,5696223.2064124495,3665327.8474188824,-1874332.5863978716,33.07399251191119,-15.75292307461232,1.862645149230957e-9,5864751866.571044,96
5570.5094298075865,2026-07-15T01:32:50.509Z,33.307010441259116,-14.748634054079965,651375.9125068858,5682400.609639598,3733634.8819532255,-1779045.690981161,32.73674464080649,-14.417995841597463,0,5920079773.892321,96
5586.797469076029,2026-07-15T01:33:06.797Z,33.84959597890679,-13.938240312990143,651231.7135734614,5667016.083397187,3800844.5551955383,-1683216.8810129703,33.133044444952944,-13.520753567209974,0,5968109301.41251,96
5603.085508344473,2026-07-15T01:33:23.085Z,34.38795391963876,-13.126270351601832,651094.7816316932,5650071.643514973,3866940.2306462666,-1586875.34687713,34.55428312370783,-13.232308261558275,9.313225746154785e-10,5837812369.149904,96
5619.373547612917,2026-07-15T01:33:39.373Z,34.92235908781867,-12.312828168674477,650965.2847608784,5631569.772858116,3931905.5539196488,-1490050.4351382244,35.983368869523915,-12.942017398446675,0,6132654130.32602,96
5635.66158688136,2026-07-15T01:33:55.661Z,35.45308144822023,-11.498015627718928,650843.3819403592,5611513.388706361,3995724.5074025905,-1392771.639602338,35.68615555616276,-11.641954543991282,-1.862645149230957e-9,5840639423.67593,96
5651.949626149803,2026-07-15T01:34:11.949Z,35.98038693358674,-10.681932617120957,650729.2228498962,5589905.807205345,4058381.462910273,-1295068.5923329466,35.337327155636146,-10.309658572326839,9.313225746154785e-10,5934305328.455651,96
5668.237665418246,2026-07-15T01:34:28.237Z,36.50453659515652,-9.86467720496635,650622.9476816095,5566750.824781291,4119861.070467839,-1196971.0546247198,35.872639832885504,-9.499180014975789,9.313225746154785e-10,5928953217.085059,96
5684.525704686689,2026-07-15T01:34:44.525Z,37.02578826340457,-9.046345788963785,650524.6869637268,5542052.623571951,4180148.3930010498,-1098508.9079379349,37.26771826035213,-9.193421230419936,0,5836110738.602246,96
5700.813743955133,2026-07-15T01:35:00.813Z,37.54439552276935,-8.227033241854626,650434.5613964088,5515815.8666798975,4239228.779294423,-999712.1447962924,38.58527764830003,-8.838468242216269,9.313225746154785e-10,6115661430.204703,96
5717.101783223576,2026-07-15T01:35:17.101Z,38.060609364918164,-7.406833052690713,650352.6816998487,5488045.600480018,4297087.997388434,-900610.8596509212,38.21501525535553,-7.5015453675539385,9.313225746154785e-10,5823426411.732627,96
5733.3898224920185,2026-07-15T01:35:33.389Z,38.574677156310386,-6.5858374643531565,650279.1484748647,5458747.352448464,4353712.108482538,-801235.2397132921,37.857710498319584,-6.170708243040868,0,5955665975.6919365,96
5749.677861760462,2026-07-15T01:35:49.677Z,39.08684428469327,-5.76413760767889,650214.0520761935,5427927.030458722,4409087.598891667,-701615.555759896,38.536254484279446,-5.446291712826257,0,5896895561.075002,96
5765.965901028905,2026-07-15T01:36:05.965Z,39.59735328846413,-4.941823632554895,650157.472498632,5395591.009977539,4463201.270865537,-601782.1529115181,39.91462154678476,-5.129572326715093,0,5841154040.81497,96
5782.253940297349,2026-07-15T01:36:22.253Z,40.10644465686678,-4.118984836332119,650109.4792761961,5361746.095938819,4516040.293806154,-501765.44138976355,41.06128429067789,-4.676374506092882,0,6064524976.34703,96
5798.541979565793,2026-07-15T01:36:38.541Z,40.614357635184376,-3.2957097899084875,650070.1313944673,5326399.481030297,4567592.254414788,-401595.8872538508,40.69166110397736,-3.3427300296749474,0,5813323505.393096,96
5814.8300188342355,2026-07-15T01:36:54.830Z,41.121325137180776,-2.472086461822446,650039.4772161841,5289559.17594596,4617844.6609472,-301304.0031203439,40.32839762532983,-2.0121204223602014,0,5984527077.413605,96
5831.118058102678,2026-07-15T01:37:11.118Z,41.627592194917746,-1.6482023406956228,650017.5544202384,5251232.549990596,4666786.626161212,-200920.33886868414,41.15561353326543,-1.3747408460296426,0,5872030551.5688715,96
5847.406097371122,2026-07-15T01:37:27.406Z,42.133389859627584,-0.824144556359957,650004.3899541367,5211428.444785784,4714406.424472289,-100475.47233544078,42.526541087065596,-1.0531521679190428,-9.313225746154785e-10,5853178051.936162,96
5863.694136639565,2026-07-15T01:37:43.694Z,42.638952803798,-1.1565768439544188e-14,650000.0000000009,5170155.789175802,4760693.101473875,-1.4100859503884903e-9,43.51230512008104,-0.507595515310273,0,6021484088.912163,96
